GROUP_SET,GROUP_ID,GROUP_NAME,TEAM_ID,TEAM_ABBREVIATION,GP,W,L,W_PCT,MIN,FGM,FGA,FG_PCT,FG3M,FG3A,FG3_PCT,FTM,FTA,FT_PCT,OREB,DREB,REB,AST,TOV,STL,BLK,BLKA,PF,PFD,PTS,PLUS_MINUS,GP_RANK,W_RANK,L_RANK,W_PCT_RANK,MIN_RANK,FGM_RANK,FGA_RANK,FG_PCT_RANK,FG3M_RANK,FG3A_RANK,FG3_PCT_RANK,FTM_RANK,FTA_RANK,FT_PCT_RANK,OREB_RANK,DREB_RANK,REB_RANK,AST_RANK,TOV_RANK,STL_RANK,BLK_RANK,BLKA_RANK,PF_RANK,PFD_RANK,PTS_RANK,PLUS_MINUS_RANK,SUM_TIME_PLAYED
Lineups,-203114-203468-1642259-1642267-1642273-,K. Middleton - C. McCollum - A. Sarr - B. Carrington - K. George,1610612764,WAS,7,1,6,0.143,70.99,67,136,0.493,22,48,0.458,24,32,0.75,14,56,70,43,20,10,8,12,35,26,180,-10,1,2,221,46,1,1,1,89,1,1,45,1,1,53,1,1,1,1,221,1,2,221,221,1,1,210,212970
Lineups,-203114-203468-1641731-1642259-1642273-,K. Middleton - C. McCollum - B. Coulibaly - A. Sarr - K. George,1610612764,WAS,4,0,4,0,61.233333,45,107,0.421,21,45,0.467,19,30,0.633,11,42,53,33,18,8,9,8,34,22,130,-17,7,47,211,47,2,2,2,103,2,2,44,2,2,67,3,2,2,2,220,3,1,220,220,2,2,218,183700
Lineups,-1628963-1630557-1641715-1642273-1642848-,M. Bagley III - C. Kispert - C. Whitmore - K. George - T. Johnson,1610612764,WAS,5,1,4,0.2,38.938333,30,69,0.435,13,34,0.382,13,18,0.722,6,30,36,18,16,9,3,1,19,14,86,-25,4,2,211,42,3,6,4,99,4,3,58,5,3,60,7,3,3,6,219,2,7,163,219,4,6,221,116815
Lineups,-203114-203468-1628963-1641731-1642273-,K. Middleton - C. McCollum - M. Bagley III - B. Coulibaly - K. George,1610612764,WAS,3,1,2,0.333,37.49,42,77,0.545,11,27,0.407,4,11,0.364,9,22,31,27,9,8,1,4,17,16,99,8,13,2,174,37,4,3,3,58,6,5,52,18,7,88,4,5,6,3,215,3,19,217,218,3,3,5,112470
Lineups,-1628963-1630557-1641715-1642267-1642848-,M. Bagley III - C. Kispert - C. Whitmore - B. Carrington - T. Johnson,1610612764,WAS,6,1,5,0.167,36.87,35,69,0.507,13,29,0.448,11,15,0.733,6,28,34,23,10,5,1,6,15,14,94,-4,2,2,218,44,5,5,4,63,4,4,46,6,6,59,7,4,4,4,217,6,19,219,217,4,4,170,110610
Lineups,-203114-203468-1642259-1642273-1642848-,K. Middleton - C. McCollum - A. Sarr - K. George - T. Johnson,1610612764,WAS,5,1,4,0.2,31.421667,37,69,0.536,14,27,0.519,5,5,1,12,21,33,23,11,5,4,3,14,6,93,22,4,2,211,42,6,4,4,62,3,5,26,13,19,1,2,6,5,4,218,6,4,210,216,10,5,2,94265
Lineups,-203468-1628963-1630557-1641715-1642267-,C. McCollum - M. Bagley III - C. Kispert - C. Whitmore - B. Carrington,1610612764,WAS,4,0,4,0,28.513333,27,55,0.491,8,21,0.381,15,18,0.833,7,15,22,13,7,7,4,2,12,14,77,-2,7,47,211,47,7,7,7,90,8,7,59,3,3,46,6,9,7,9,212,5,4,199,215,4,7,125,85540
Lineups,-1630551-1641715-1641774-1642267-1642273-,J. Champagnie - C. Whitmore - T. Vukcevic - B. Carrington - K. George,1610612764,WAS,3,1,2,0.333,25.216667,20,48,0.417,5,17,0.294,15,18,0.833,8,11,19,16,4,4,3,1,11,10,60,-12,13,2,174,37,8,9,8,104,11,9,71,3,3,46,5,13,10,7,203,9,7,163,212,7,8,214,75650
Lineups,-203114-203468-1642259-1642267-1642848-,K. Middleton - C. McCollum - A. Sarr - B. Carrington - T. Johnson,1610612764,WAS,6,1,5,0.167,24.183333,20,44,0.455,5,19,0.263,7,9,0.778,3,13,16,16,8,3,2,1,11,6,52,-18,2,2,218,44,9,9,9,94,11,8,74,7,8,52,14,11,13,7,213,11,10,163,212,10,10,219,72550
Lineups,-203468-1630551-1641731-1642259-1642273-,C. McCollum - J. Champagnie - B. Coulibaly - A. Sarr - K. George,1610612764,WAS,2,0,2,0,20.05,19,40,0.475,4,9,0.444,5,8,0.625,6,12,18,13,8,4,1,3,11,7,47,-2,23,47,174,47,10,11,10,91,13,15,47,13,10,68,7,12,12,9,213,9,19,210,212,8,11,125,60150
Lineups,-203114-203468-1630557-1641731-1642259-,K. Middleton - C. McCollum - C. Kispert - B. Coulibaly - A. Sarr,1610612764,WAS,1,1,0,1,17.673333,22,39,0.564,10,16,0.625,5,7,0.714,4,16,20,12,1,5,4,2,4,6,59,28,59,2,1,1,11,8,11,54,7,10,23,13,12,61,13,8,9,11,104,6,4,199,195,10,9,1,53020
Lineups,-203468-1641715-1642259-1642273-1642848-,C. McCollum - C. Whitmore - A. Sarr - K. George - T. Johnson,1610612764,WAS,5,0,5,0,17.17,13,28,0.464,3,11,0.273,6,9,0.667,2,17,19,5,9,1,1,3,5,5,35,-6,4,47,218,47,12,14,14,93,19,13,72,8,8,62,19,7,10,18,215,22,19,210,205,15,15,200,51510
Lineups,-203468-1630557-1641731-1642259-1642273-,C. McCollum - C. Kispert - B. Coulibaly - A. Sarr - K. George,1610612764,WAS,1,0,1,0,16.633333,15,36,0.417,7,14,0.5,6,8,0.75,6,15,21,11,3,2,1,3,4,5,43,2,59,47,28,47,13,13,12,104,9,12,27,8,10,53,7,9,8,12,189,15,19,210,195,15,12,34,49900
Lineups,-203114-203468-1630551-1642259-1642267-,K. Middleton - C. McCollum - J. Champagnie - A. Sarr - B. Carrington,1610612764,WAS,4,1,3,0.25,16.416667,17,34,0.5,4,15,0.267,5,6,0.833,5,6,11,9,3,3,1,3,5,6,43,-15,7,2,204,41,14,12,13,64,13,11,73,13,14,46,11,17,15,13,189,11,19,210,205,10,12,217,49250
Lineups,-1630557-1641715-1642259-1642267-1642273-,C. Kispert - C. Whitmore - A. Sarr - B. Carrington - K. George,1610612764,WAS,3,0,3,0,10.383333,12,22,0.545,3,7,0.429,1,1,1,2,5,7,6,1,1,1,1,5,4,28,1,13,47,204,47,15,15,15,58,19,19,49,64,81,1,19,21,20,16,104,22,19,163,205,20,16,46,31150
Lineups,-1641715-1642259-1642267-1642273-1642848-,C. Whitmore - A. Sarr - B. Carrington - K. George - T. Johnson,1610612764,WAS,4,0,4,0,9.666667,3,13,0.231,0,3,0,2,3,0.667,1,3,4,1,5,2,1,2,1,5,8,-19,7,47,211,47,16,56,24,135,86,48,86,34,33,62,39,40,40,71,209,15,19,199,81,15,63,220,29000
Lineups,-1641731-1642259-1642267-1642273-1642848-,B. Coulibaly - A. Sarr - B. Carrington - K. George - T. Johnson,1610612764,WAS,3,0,3,0,9.65,8,17,0.471,1,2,0.5,1,1,1,1,6,7,4,6,2,5,0,3,4,18,0,13,47,204,47,17,18,19,92,42,70,27,64,81,1,39,17,20,19,210,15,3,1,177,20,19,62,28950
Lineups,-203468-1641731-1642259-1642273-1642848-,C. McCollum - B. Coulibaly - A. Sarr - K. George - T. Johnson,1610612764,WAS,3,0,3,0,9.205,12,19,0.632,7,10,0.7,6,6,1,2,5,7,9,2,0,0,2,5,5,37,5,13,47,204,47,18,15,17,41,9,14,18,8,14,1,19,21,20,13,161,68,65,199,205,15,14,11,27615
Lineups,-1630557-1641715-1641774-1642273-1642848-,C. Kispert - C. Whitmore - T. Vukcevic - K. George - T. Johnson,1610612764,WAS,2,1,1,0.5,8.45,8,21,0.381,2,9,0.222,0,0,0,1,11,12,3,2,2,2,2,3,1,18,12,23,2,28,28,19,18,16,112,25,15,80,89,97,89,39,13,14,30,161,15,10,199,177,58,19,3,25350
Lineups,-1630557-1641715-1641774-1642267-1642273-,C. Kispert - C. Whitmore - T. Vukcevic - B. Carrington - K. George,1610612764,WAS,2,0,2,0,8.05,11,16,0.688,4,7,0.571,1,1,1,2,7,9,7,4,3,1,0,3,2,27,5,23,47,174,47,20,17,20,27,13,19,25,64,81,1,19,16,16,15,203,11,19,1,177,34,17,11,24150
Lineups,-203468-1630551-1642259-1642273-1642848-,C. McCollum - J. Champagnie - A. Sarr - K. George - T. Johnson,1610612764,WAS,1,0,1,0,7.916667,8,18,0.444,3,7,0.429,2,3,0.667,3,6,9,4,1,2,0,0,2,2,21,6,59,47,28,47,21,18,18,97,19,19,49,34,33,62,14,17,16,19,104,15,65,1,150,34,18,7,23750
Lineups,-1641715-1641731-1641774-1642267-1642273-,C. Whitmore - B. Coulibaly - T. Vukcevic - B. Carrington - K. George,1610612764,WAS,2,0,2,0,6.966667,5,11,0.455,2,4,0.5,3,3,1,2,5,7,3,6,0,1,2,3,2,15,-9,23,47,174,47,22,31,26,94,25,35,27,24,33,1,19,21,20,30,210,68,19,199,177,34,28,208,20900
Lineups,-203468-1642259-1642267-1642273-1642848-,C. McCollum - A. Sarr - B. Carrington - K. George - T. Johnson,1610612764,WAS,4,0,4,0,6.236667,5,12,0.417,1,6,0.167,1,2,0.5,1,8,9,3,2,0,2,1,2,1,12,-4,7,47,211,47,23,31,25,104,42,23,83,64,40,73,39,15,16,30,161,68,10,163,150,58,38,170,18710
Lineups,-1631103-1641774-1642358-1642848-1642860-,M. Branham - T. Vukcevic - A. Johnson - T. Johnson - W. Riley,1610612764,WAS,1,0,1,0,6.216667,6,10,0.6,0,3,0,4,5,0.8,2,3,5,4,1,0,0,0,1,3,16,-2,59,47,28,47,24,21,30,43,86,48,86,18,19,50,19,40,30,19,104,68,65,1,81,24,22,125,18650
Lineups,-203114-203468-1641715-1642259-1642267-,K. Middleton - C. McCollum - C. Whitmore - A. Sarr - B. Carrington,1610612764,WAS,3,0,3,0,6.116667,3,6,0.5,3,5,0.6,0,0,0,0,0,0,1,4,1,3,1,4,1,9,-12,13,47,204,47,25,56,60,64,19,27,24,89,97,89,88,142,149,71,203,22,7,163,195,58,55,214,18350
Lineups,-203468-1628963-1630551-1630557-1641715-,C. McCollum - M. Bagley III - J. Champagnie - C. Kispert - C. Whitmore,1610612764,WAS,2,0,2,0,5.916667,6,11,0.545,2,5,0.4,4,4,1,2,2,4,2,1,2,0,1,5,3,18,4,23,47,174,47,26,21,26,58,25,27,53,18,26,1,19,65,40,48,104,15,65,163,205,24,19,14,17750
Lineups,-203468-1630551-1642259-1642267-1642273-,C. McCollum - J. Champagnie - A. Sarr - B. Carrington - K. George,1610612764,WAS,3,0,3,0,5.9,2,10,0.2,1,5,0.2,3,4,0.75,3,4,7,1,4,1,0,0,4,7,8,-6,13,47,204,47,27,78,30,136,42,27,81,24,26,53,14,27,20,71,203,22,65,1,195,8,63,200,17700
Lineups,-1631103-1642259-1642267-1642273-1642860-,M. Branham - A. Sarr - B. Carrington - K. George - W. Riley,1610612764,WAS,1,0,1,0,5.716667,4,7,0.571,1,3,0.333,2,2,1,0,3,3,4,3,0,0,1,1,1,11,-5,59,47,28,47,28,39,55,51,42,48,60,34,40,1,88,40,61,19,189,68,65,163,81,58,43,184,17150
Lineups,-1628963-1630557-1641715-1642267-1642273-,M. Bagley III - C. Kispert - C. Whitmore - B. Carrington - K. George,1610612764,WAS,2,0,2,0,5.711667,5,11,0.455,0,2,0,3,4,0.75,1,2,3,3,3,0,0,1,4,3,13,-1,23,47,174,47,29,31,26,94,86,70,86,24,26,53,39,65,61,30,189,68,65,163,195,24,34,107,17135
Lineups,-203468-1630557-1641715-1641774-1642848-,C. McCollum - C. Kispert - C. Whitmore - T. Vukcevic - T. Johnson,1610612764,WAS,2,0,2,0,5.6,6,10,0.6,0,2,0,3,5,0.6,0,2,2,1,1,0,0,1,5,3,15,-5,23,47,174,47,30,21,30,43,86,70,86,24,19,69,88,65,87,71,104,68,65,163,205,24,28,184,16800
Lineups,-203114-203468-1641715-1641731-1642273-,K. Middleton - C. McCollum - C. Whitmore - B. Coulibaly - K. George,1610612764,WAS,1,0,1,0,5.55,6,14,0.429,1,6,0.167,2,2,1,2,3,5,3,0,3,0,1,1,2,15,3,59,47,28,47,31,21,23,100,42,23,83,34,40,1,19,40,30,30,1,11,65,163,81,34,28,22,16650
Lineups,-1630551-1630557-1641715-1642273-1642848-,J. Champagnie - C. Kispert - C. Whitmore - K. George - T. Johnson,1610612764,WAS,1,0,1,0,5.48,6,15,0.4,4,9,0.444,0,0,0,5,2,7,4,1,0,0,2,0,2,16,2,59,47,28,47,32,21,21,107,13,15,47,89,97,89,11,65,20,19,104,68,65,199,1,34,22,34,16440
Lineups,-203114-203468-1630551-1641731-1642273-,K. Middleton - C. McCollum - J. Champagnie - B. Coulibaly - K. George,1610612764,WAS,2,0,2,0,5.3,5,9,0.556,2,5,0.4,2,2,1,1,3,4,2,2,0,0,1,6,1,14,-10,23,47,174,47,33,31,40,55,25,27,53,34,40,1,39,40,40,48,161,68,65,163,211,58,33,210,15900
Lineups,-203114-203468-1641731-1641774-1642273-,K. Middleton - C. McCollum - B. Coulibaly - T. Vukcevic - K. George,1610612764,WAS,2,0,2,0,5.216667,2,8,0.25,0,3,0,0,0,0,0,4,4,1,2,1,1,0,4,0,4,-12,23,47,174,47,34,78,44,128,86,48,86,89,97,89,88,27,40,71,161,22,19,1,195,117,102,214,15650
Lineups,-203114-203468-1630557-1641731-1641774-,K. Middleton - C. McCollum - C. Kispert - B. Coulibaly - T. Vukcevic,1610612764,WAS,1,0,1,0,5.133333,3,10,0.3,1,6,0.167,4,5,0.8,1,3,4,2,1,1,0,0,0,3,11,2,59,47,28,47,35,56,30,125,42,23,83,18,19,50,39,40,40,48,104,22,65,1,1,24,43,34,15400
Lineups,-1630557-1641731-1642259-1642267-1642848-,C. Kispert - B. Coulibaly - A. Sarr - B. Carrington - T. Johnson,1610612764,WAS,2,0,2,0,5.016667,2,5,0.4,1,3,0.333,6,6,1,0,4,4,2,3,0,0,1,3,4,11,-2,23,47,174,47,36,78,76,107,42,48,60,8,14,1,88,27,40,48,189,68,65,163,177,20,43,125,15050
Lineups,-1630551-1641731-1642259-1642267-1642273-,J. Champagnie - B. Coulibaly - A. Sarr - B. Carrington - K. George,1610612764,WAS,4,0,4,0,5.01,5,8,0.625,3,4,0.75,0,0,0,0,3,3,4,3,2,1,0,1,0,13,1,7,47,211,47,37,31,44,42,19,35,17,89,97,89,88,40,61,19,189,15,19,1,81,117,34,46,15030
Lineups,-203114-203468-1628963-1630551-1641731-,K. Middleton - C. McCollum - M. Bagley III - J. Champagnie - B. Coulibaly,1610612764,WAS,2,1,1,0.5,4.733333,5,9,0.556,1,4,0.25,2,2,1,2,1,3,2,2,1,1,0,1,2,13,-6,23,2,28,28,38,31,40,55,42,35,75,34,40,1,19,97,61,48,161,22,19,1,81,34,34,200,14200
Lineups,-1630264-1630551-1631103-1642364-1642860-,A. Gill - J. Champagnie - M. Branham - J. Watkins - W. Riley,1610612764,WAS,1,0,1,0,4.716667,4,8,0.5,1,3,0.333,6,6,1,1,1,2,2,2,1,0,0,3,5,15,1,59,47,28,47,39,39,44,64,42,48,60,8,14,1,39,97,87,48,161,22,65,1,177,15,28,46,14150
Lineups,-1628963-1630557-1631103-1642267-1642848-,M. Bagley III - C. Kispert - M. Branham - B. Carrington - T. Johnson,1610612764,WAS,1,0,1,0,4.7,4,8,0.5,0,2,0,2,3,0.667,1,4,5,3,2,0,0,0,0,2,10,-2,59,47,28,47,40,39,44,64,86,70,86,34,33,62,39,27,30,30,161,68,65,1,1,34,49,125,14100
Lineups,-203468-1628963-1630557-1631103-1642267-,C. McCollum - M. Bagley III - C. Kispert - M. Branham - B. Carrington,1610612764,WAS,1,0,1,0,4.583333,3,10,0.3,1,4,0.25,1,1,1,2,2,4,1,1,1,1,1,2,0,8,-3,59,47,28,47,41,56,30,125,42,35,75,64,81,1,19,65,40,71,104,22,19,163,150,117,63,150,13750
Lineups,-203468-1628963-1630557-1641731-1642273-,C. McCollum - M. Bagley III - C. Kispert - B. Coulibaly - K. George,1610612764,WAS,2,0,2,0,4.55,6,10,0.6,1,5,0.2,0,0,0,1,3,4,3,2,1,2,0,1,0,13,-1,23,47,174,47,42,21,30,43,42,27,81,89,97,89,39,40,40,30,161,22,10,1,81,117,34,107,13650
Lineups,-1630551-1641774-1642267-1642364-1642860-,J. Champagnie - T. Vukcevic - B. Carrington - J. Watkins - W. Riley,1610612764,WAS,1,0,1,0,4.533333,4,8,0.5,2,4,0.5,2,2,1,1,2,3,4,1,0,0,1,3,2,12,-3,59,47,28,47,43,39,44,64,25,35,27,34,40,1,39,65,61,19,104,68,65,163,177,34,38,150,13600
Lineups,-203468-1630557-1642259-1642267-1642848-,C. McCollum - C. Kispert - A. Sarr - B. Carrington - T. Johnson,1610612764,WAS,2,0,2,0,4.486667,6,10,0.6,4,8,0.5,0,0,0,1,4,5,4,2,0,0,0,2,0,16,5,23,47,174,47,44,21,30,43,13,18,27,89,97,89,39,27,30,19,161,68,65,1,150,117,22,11,13460
Lineups,-1642259-1642267-1642358-1642848-1642860-,A. Sarr - B. Carrington - A. Johnson - T. Johnson - W. Riley,1610612764,WAS,2,0,2,0,4.466667,6,11,0.545,2,5,0.4,2,2,1,1,3,4,6,0,1,1,0,2,3,16,6,23,47,174,47,45,21,26,58,25,27,53,34,40,1,39,40,40,16,1,22,19,1,150,24,22,7,13400
Lineups,-1630557-1642259-1642267-1642273-1642848-,C. Kispert - A. Sarr - B. Carrington - K. George - T. Johnson,1610612764,WAS,2,0,2,0,4.45,2,6,0.333,1,4,0.25,2,2,1,0,6,6,2,4,0,1,0,1,2,7,1,23,47,174,47,46,78,60,115,42,35,75,34,40,1,88,17,27,48,203,68,19,1,81,34,71,46,13350
Lineups,-203468-1628963-1630557-1642364-1642848-,C. McCollum - M. Bagley III - C. Kispert - J. Watkins - T. Johnson,1610612764,WAS,1,0,1,0,4.45,4,10,0.4,3,7,0.429,4,4,1,1,4,5,3,0,1,0,0,4,3,15,4,59,47,28,47,46,39,30,107,19,19,49,18,26,1,39,27,30,30,1,22,65,1,195,24,28,14,13350
Lineups,-203114-203468-1628963-1641715-1642848-,K. Middleton - C. McCollum - M. Bagley III - C. Whitmore - T. Johnson,1610612764,WAS,1,0,1,0,4.35,4,7,0.571,0,1,0,0,0,0,0,4,4,0,2,1,1,0,2,1,8,6,59,47,28,47,48,39,55,51,86,99,86,89,97,89,88,27,40,126,161,22,19,1,150,58,63,7,13050
Lineups,-203468-1641715-1642259-1642267-1642848-,C. McCollum - C. Whitmore - A. Sarr - B. Carrington - T. Johnson,1610612764,WAS,3,0,3,0,4.333333,4,8,0.5,0,2,0,3,3,1,0,3,3,0,1,0,1,0,2,4,11,-2,13,47,204,47,49,39,44,64,86,70,86,24,33,1,88,40,61,126,104,68,19,1,150,20,43,125,13000
Lineups,-1630557-1641715-1642267-1642273-1642848-,C. Kispert - C. Whitmore - B. Carrington - K. George - T. Johnson,1610612764,WAS,1,0,1,0,4.283333,3,8,0.375,0,4,0,0,0,0,1,4,5,3,4,0,2,0,0,2,6,-4,59,47,28,47,50,56,44,113,86,35,86,89,97,89,39,27,30,30,203,68,10,1,1,34,78,170,12850
Lineups,-203114-203468-1628963-1630557-1641715-,K. Middleton - C. McCollum - M. Bagley III - C. Kispert - C. Whitmore,1610612764,WAS,1,0,1,0,4.166667,4,15,0.267,1,3,0.333,0,0,0,2,2,4,1,0,1,1,3,2,0,9,-5,59,47,28,47,51,39,21,127,42,48,60,89,97,89,19,65,40,71,1,22,19,210,150,117,55,184,12500
Lineups,-1630264-1630551-1641774-1642358-1642860-,A. Gill - J. Champagnie - T. Vukcevic - A. Johnson - W. Riley,1610612764,WAS,1,0,1,0,4.083333,2,10,0.2,0,2,0,0,0,0,3,3,6,0,1,0,0,3,1,0,4,-7,59,47,28,47,52,78,30,136,86,70,86,89,97,89,14,40,27,126,104,68,65,210,81,117,102,204,12250
Lineups,-1630557-1641715-1642259-1642273-1642848-,C. Kispert - C. Whitmore - A. Sarr - K. George - T. Johnson,1610612764,WAS,1,0,1,0,4.05,6,8,0.75,4,4,1,0,0,0,0,5,5,3,1,0,2,1,2,1,16,3,59,47,28,47,53,21,44,22,13,35,1,89,97,89,88,21,30,30,104,68,10,163,150,58,22,22,12150
Lineups,-1641774-1642358-1642364-1642848-1642860-,T. Vukcevic - A. Johnson - J. Watkins - T. Johnson - W. Riley,1610612764,WAS,1,0,1,0,3.983333,4,7,0.571,1,3,0.333,3,5,0.6,1,3,4,2,2,0,1,1,2,3,12,0,59,47,28,47,54,39,55,51,42,48,60,24,19,69,39,40,40,48,161,68,19,163,150,24,38,62,11950
Lineups,-203468-1630557-1641774-1642848-1642860-,C. McCollum - C. Kispert - T. Vukcevic - T. Johnson - W. Riley,1610612764,WAS,2,1,1,0.5,3.783333,5,9,0.556,2,6,0.333,0,1,0,0,4,4,2,1,1,2,0,1,1,12,4,23,2,28,28,55,31,40,55,25,23,60,89,81,89,88,27,40,48,104,22,10,1,81,58,38,14,11350
Lineups,-1630557-1641715-1641774-1642267-1642848-,C. Kispert - C. Whitmore - T. Vukcevic - B. Carrington - T. Johnson,1610612764,WAS,2,0,2,0,3.708333,3,8,0.375,2,5,0.4,0,0,0,1,2,3,3,1,0,0,0,2,1,8,-5,23,47,174,47,56,56,44,113,25,27,53,89,97,89,39,65,61,30,104,68,65,1,150,58,63,184,11125
Lineups,-1630551-1641774-1642358-1642848-1642860-,J. Champagnie - T. Vukcevic - A. Johnson - T. Johnson - W. Riley,1610612764,WAS,1,0,1,0,3.666667,4,9,0.444,1,3,0.333,1,1,1,1,2,3,2,0,0,0,2,1,1,10,1,59,47,28,47,57,39,40,97,42,48,60,64,81,1,39,65,61,48,1,68,65,199,81,58,49,46,11000
Lineups,-203114-203468-1641731-1642259-1642267-,K. Middleton - C. McCollum - B. Coulibaly - A. Sarr - B. Carrington,1610612764,WAS,2,1,1,0.5,3.666667,6,8,0.75,2,3,0.667,2,2,1,2,2,4,1,0,0,0,1,2,1,16,12,23,2,28,28,57,21,44,22,25,48,19,34,40,1,19,65,40,71,1,68,65,163,150,58,22,3,11000
Lineups,-203468-1641715-1641731-1642259-1642267-,C. McCollum - C. Whitmore - B. Coulibaly - A. Sarr - B. Carrington,1610612764,WAS,1,0,1,0,3.65,1,5,0.2,0,3,0,1,2,0.5,1,2,3,0,2,0,2,1,4,2,3,-9,59,47,28,47,59,109,76,136,86,48,86,64,40,73,39,65,61,126,161,68,10,163,195,34,116,208,10950
Lineups,-203114-203468-1630557-1642259-1642267-,K. Middleton - C. McCollum - C. Kispert - A. Sarr - B. Carrington,1610612764,WAS,2,1,1,0.5,3.633333,2,10,0.2,0,4,0,0,0,0,3,5,8,2,1,0,1,4,2,1,4,2,23,2,28,28,60,78,30,136,86,35,86,89,97,89,14,21,19,48,104,68,19,217,150,58,102,34,10900
Lineups,-1630264-1631103-1641774-1642358-1642860-,A. Gill - M. Branham - T. Vukcevic - A. Johnson - W. Riley,1610612764,WAS,1,0,1,0,3.616667,4,6,0.667,1,2,0.5,2,5,0.4,0,4,4,3,0,1,1,0,1,2,11,6,59,47,28,47,61,39,60,28,42,70,27,34,19,87,88,27,40,30,1,22,19,1,81,34,43,7,10850
Lineups,-203468-1628963-1630551-1630557-1642364-,C. McCollum - M. Bagley III - J. Champagnie - C. Kispert - J. Watkins,1610612764,WAS,1,0,1,0,3.533333,1,5,0.2,0,1,0,5,6,0.833,2,5,7,1,3,0,0,1,0,3,7,-2,59,47,28,47,62,109,76,136,86,99,86,13,14,46,19,21,20,71,189,68,65,163,1,24,71,125,10600
Lineups,-203114-203468-1628963-1641731-1642267-,K. Middleton - C. McCollum - M. Bagley III - B. Coulibaly - B. Carrington,1610612764,WAS,1,1,0,1,3.533333,2,8,0.25,0,2,0,1,2,0.5,1,4,5,0,2,1,1,0,1,2,5,-5,59,2,1,1,62,78,44,128,86,70,86,64,40,73,39,27,30,126,161,22,19,1,81,34,90,184,10600
Lineups,-203468-1628963-1630557-1642267-1642848-,C. McCollum - M. Bagley III - C. Kispert - B. Carrington - T. Johnson,1610612764,WAS,2,1,1,0.5,3.516667,4,5,0.8,0,1,0,3,5,0.6,0,3,3,3,1,0,0,0,2,3,11,1,23,2,28,28,64,39,76,20,86,99,86,24,19,69,88,40,61,30,104,68,65,1,150,24,43,46,10550
Lineups,-203114-203468-1628963-1642267-1642848-,K. Middleton - C. McCollum - M. Bagley III - B. Carrington - T. Johnson,1610612764,WAS,3,1,2,0.333,3.5,2,5,0.4,1,2,0.5,4,7,0.571,1,3,4,1,2,1,0,0,2,6,9,0,13,2,174,37,65,78,76,107,42,70,27,18,12,72,39,40,40,71,161,22,65,1,150,10,55,62,10500
Lineups,-1630551-1630557-1641715-1641774-1642267-,J. Champagnie - C. Kispert - C. Whitmore - T. Vukcevic - B. Carrington,1610612764,WAS,2,1,1,0.5,3.433333,2,6,0.333,1,4,0.25,0,0,0,1,2,3,2,3,0,0,0,0,0,5,-7,23,2,28,28,66,78,60,115,42,35,75,89,97,89,39,65,61,48,189,68,65,1,1,117,90,204,10300
Lineups,-203114-1630557-1642259-1642267-1642273-,K. Middleton - C. Kispert - A. Sarr - B. Carrington - K. George,1610612764,WAS,1,0,1,0,3.4,4,4,1,2,2,1,0,0,0,0,2,2,4,1,0,0,0,3,0,10,1,59,47,28,47,67,39,90,1,25,70,1,89,97,89,88,65,87,19,104,68,65,1,177,117,49,46,10200
Lineups,-203114-203468-1641715-1641731-1641774-,K. Middleton - C. McCollum - C. Whitmore - B. Coulibaly - T. Vukcevic,1610612764,WAS,1,1,0,1,3.4,3,7,0.429,0,1,0,0,0,0,2,3,5,1,0,0,0,0,1,1,6,2,59,2,1,1,67,56,55,100,86,99,86,89,97,89,19,40,30,71,1,68,65,1,81,58,78,34,10200
Lineups,-1628963-1630557-1631103-1641715-1642267-,M. Bagley III - C. Kispert - M. Branham - C. Whitmore - B. Carrington,1610612764,WAS,1,0,1,0,3.383333,4,6,0.667,1,2,0.5,1,2,0.5,2,4,6,2,2,0,1,0,1,1,10,3,59,47,28,47,69,39,60,28,42,70,27,64,40,73,19,27,27,48,161,68,19,1,81,58,49,22,10150
Lineups,-1630551-1631103-1641774-1642848-1642860-,J. Champagnie - M. Branham - T. Vukcevic - T. Johnson - W. Riley,1610612764,WAS,1,0,1,0,3.35,2,6,0.333,1,3,0.333,2,2,1,1,2,3,1,0,0,0,1,0,1,7,-1,59,47,28,47,70,78,60,115,42,48,60,34,40,1,39,65,61,71,1,68,65,163,1,58,71,107,10050
Lineups,-1630536-1631103-1641774-1642358-1642860-,S. Cooper - M. Branham - T. Vukcevic - A. Johnson - W. Riley,1610612764,WAS,1,0,1,0,3.3,1,4,0.25,0,2,0,0,0,0,0,2,2,1,1,0,1,0,1,1,2,-3,59,47,28,47,71,109,90,128,86,70,86,89,97,89,88,65,87,71,104,68,19,1,81,58,135,150,9900
Lineups,-203114-203468-1641731-1642259-1642860-,K. Middleton - C. McCollum - B. Coulibaly - A. Sarr - W. Riley,1610612764,WAS,1,0,1,0,3.283333,4,6,0.667,0,0,0,1,2,0.5,0,3,3,0,1,0,0,0,0,2,9,0,59,47,28,47,72,39,60,28,86,148,86,64,40,73,88,40,61,126,104,68,65,1,1,34,55,62,9850
Lineups,-1630557-1641774-1642267-1642273-1642848-,C. Kispert - T. Vukcevic - B. Carrington - K. George - T. Johnson,1610612764,WAS,1,0,1,0,3.216667,2,5,0.4,0,2,0,0,0,0,0,1,1,1,1,0,1,0,2,1,4,-5,59,47,28,47,73,78,76,107,86,70,86,89,97,89,88,97,113,71,104,68,19,1,150,58,102,184,9650
Lineups,-1631103-1641774-1642267-1642358-1642860-,M. Branham - T. Vukcevic - B. Carrington - A. Johnson - W. Riley,1610612764,WAS,2,0,2,0,3.15,1,6,0.167,0,3,0,0,0,0,2,2,4,0,1,0,0,0,2,1,2,-3,23,47,174,47,74,109,60,143,86,48,86,89,97,89,19,65,40,126,104,68,65,1,150,58,135,150,9450
Lineups,-1641715-1641774-1642267-1642273-1642848-,C. Whitmore - T. Vukcevic - B. Carrington - K. George - T. Johnson,1610612764,WAS,1,0,1,0,3.051667,4,5,0.8,2,3,0.667,0,0,0,0,3,3,3,1,0,0,0,3,1,10,2,59,47,28,47,75,39,76,20,25,48,19,89,97,89,88,40,61,30,104,68,65,1,177,58,49,34,9155
Lineups,-203114-203468-1630551-1642273-1642848-,K. Middleton - C. McCollum - J. Champagnie - K. George - T. Johnson,1610612764,WAS,1,0,1,0,3.016667,3,5,0.6,2,4,0.5,1,1,1,0,2,2,3,1,1,0,0,0,1,9,4,59,47,28,47,76,56,76,43,25,35,27,64,81,1,88,65,87,30,104,22,65,1,1,58,55,14,9050
Lineups,-1630551-1630557-1641715-1642259-1642267-,J. Champagnie - C. Kispert - C. Whitmore - A. Sarr - B. Carrington,1610612764,WAS,1,0,1,0,3,3,5,0.6,1,1,1,0,2,0,1,0,1,3,1,1,0,0,0,2,7,-3,59,47,28,47,77,56,76,43,42,99,1,89,40,89,39,142,113,30,104,22,65,1,1,34,71,150,9000
Lineups,-203468-1628963-1630551-1641731-1642267-,C. McCollum - M. Bagley III - J. Champagnie - B. Coulibaly - B. Carrington,1610612764,WAS,2,1,1,0.5,2.983333,3,6,0.5,1,3,0.333,1,2,0.5,0,1,1,1,0,0,0,0,1,1,8,-2,23,2,28,28,78,56,60,64,42,48,60,64,40,73,88,97,113,71,1,68,65,1,81,58,63,125,8950
Lineups,-1641731-1642259-1642267-1642848-1642860-,B. Coulibaly - A. Sarr - B. Carrington - T. Johnson - W. Riley,1610612764,WAS,1,0,1,0,2.95,2,4,0.5,0,2,0,0,2,0,1,4,5,2,2,0,1,0,0,1,4,-3,59,47,28,47,79,78,90,64,86,70,86,89,40,89,39,27,30,48,161,68,19,1,1,58,102,150,8850
Lineups,-203114-1630551-1642259-1642267-1642848-,K. Middleton - J. Champagnie - A. Sarr - B. Carrington - T. Johnson,1610612764,WAS,1,0,1,0,2.9,3,6,0.5,2,5,0.4,2,2,1,2,2,4,2,1,0,0,0,1,1,10,4,59,47,28,47,80,56,60,64,25,27,53,34,40,1,19,65,40,48,104,68,65,1,81,58,49,14,8700
Lineups,-203114-1641774-1642259-1642273-1642848-,K. Middleton - T. Vukcevic - A. Sarr - K. George - T. Johnson,1610612764,WAS,1,0,1,0,2.833333,1,5,0.2,1,4,0.25,0,0,0,0,1,1,1,0,1,0,0,1,0,3,-7,59,47,28,47,81,109,76,136,42,35,75,89,97,89,88,97,113,71,1,22,65,1,81,117,116,204,8500
Lineups,-203114-203468-1628963-1642267-1642860-,K. Middleton - C. McCollum - M. Bagley III - B. Carrington - W. Riley,1610612764,WAS,1,0,1,0,2.766667,3,6,0.5,0,1,0,1,1,1,1,1,2,1,1,1,0,0,3,2,7,-2,59,47,28,47,82,56,60,64,86,99,86,64,81,1,39,97,87,71,104,22,65,1,177,34,71,125,8300
Lineups,-203468-1628963-1630557-1641715-1642848-,C. McCollum - M. Bagley III - C. Kispert - C. Whitmore - T. Johnson,1610612764,WAS,3,1,2,0.333,2.743333,3,7,0.429,0,2,0,0,0,0,2,2,4,0,1,0,0,0,0,0,6,-2,13,2,174,37,83,56,55,100,86,70,86,89,97,89,19,65,40,126,104,68,65,1,1,117,78,125,8230
Lineups,-1630551-1641774-1642267-1642358-1642848-,J. Champagnie - T. Vukcevic - B. Carrington - A. Johnson - T. Johnson,1610612764,WAS,1,0,1,0,2.733333,2,3,0.667,0,0,0,2,2,1,0,3,3,0,2,0,0,0,0,1,6,0,59,47,28,47,84,78,106,28,86,148,86,34,40,1,88,40,61,126,161,68,65,1,1,58,78,62,8200
Lineups,-203468-1630551-1641715-1641774-1642267-,C. McCollum - J. Champagnie - C. Whitmore - T. Vukcevic - B. Carrington,1610612764,WAS,2,2,0,1,2.718333,5,5,1,2,2,1,0,0,0,0,2,2,4,1,0,1,0,1,0,12,7,23,1,1,1,85,31,76,1,25,70,1,89,97,89,88,65,87,19,104,68,19,1,81,117,38,6,8155
Lineups,-203114-1628963-1630557-1641715-1642267-,K. Middleton - M. Bagley III - C. Kispert - C. Whitmore - B. Carrington,1610612764,WAS,1,0,1,0,2.716667,1,4,0.25,0,0,0,0,0,0,0,2,2,0,2,0,0,1,4,0,2,-5,59,47,28,47,86,109,90,128,86,148,86,89,97,89,88,65,87,126,161,68,65,163,195,117,135,184,8150
Lineups,-1641731-1642259-1642267-1642273-1642860-,B. Coulibaly - A. Sarr - B. Carrington - K. George - W. Riley,1610612764,WAS,1,0,1,0,2.683333,1,4,0.25,1,3,0.333,0,0,0,0,3,3,1,2,0,1,0,1,0,3,-4,59,47,28,47,87,109,90,128,42,48,60,89,97,89,88,40,61,71,161,68,19,1,81,117,116,170,8050
Lineups,-203468-1630557-1641715-1642259-1642273-,C. McCollum - C. Kispert - C. Whitmore - A. Sarr - K. George,1610612764,WAS,1,0,1,0,2.6,2,6,0.333,0,3,0,2,2,1,1,1,2,1,0,1,0,1,0,1,6,-3,59,47,28,47,88,78,60,115,86,48,86,34,40,1,39,97,87,71,1,22,65,163,1,58,78,150,7800
Lineups,-1630536-1631103-1641774-1642364-1642860-,S. Cooper - M. Branham - T. Vukcevic - J. Watkins - W. Riley,1610612764,WAS,1,1,0,1,2.55,0,4,0,0,3,0,0,0,0,0,0,0,0,2,1,0,2,1,0,0,-5,59,2,1,1,89,145,90,145,86,48,86,89,97,89,88,142,149,126,161,22,65,199,81,117,155,184,7650
Lineups,-203468-1630551-1630557-1641731-1642259-,C. McCollum - J. Champagnie - C. Kispert - B. Coulibaly - A. Sarr,1610612764,WAS,1,0,1,0,2.516667,3,5,0.6,0,1,0,0,0,0,0,2,2,2,0,0,0,0,3,0,6,-1,59,47,28,47,90,56,76,43,86,99,86,89,97,89,88,65,87,48,1,68,65,1,177,117,78,107,7550
Lineups,-203114-1630557-1642259-1642267-1642364-,K. Middleton - C. Kispert - A. Sarr - B. Carrington - J. Watkins,1610612764,WAS,1,0,1,0,2.5,4,4,1,1,1,1,0,0,0,0,3,3,4,1,0,1,0,1,0,9,4,59,47,28,47,91,39,90,1,42,99,1,89,97,89,88,40,61,19,104,68,19,1,81,117,55,14,7500
Lineups,-203468-1641715-1642259-1642267-1642273-,C. McCollum - C. Whitmore - A. Sarr - B. Carrington - K. George,1610612764,WAS,2,0,2,0,2.483333,0,6,0,0,4,0,2,2,1,1,2,3,0,0,0,0,1,0,1,2,-4,23,47,174,47,92,145,60,145,86,35,86,34,40,1,39,65,61,126,1,68,65,163,1,58,135,170,7450
Lineups,-203114-203468-1641731-1642259-1642848-,K. Middleton - C. McCollum - B. Coulibaly - A. Sarr - T. Johnson,1610612764,WAS,1,0,1,0,2.44,3,4,0.75,0,0,0,0,0,0,1,1,2,2,3,0,1,0,3,1,6,-8,59,47,28,47,93,56,90,22,86,148,86,89,97,89,39,97,87,48,189,68,19,1,177,58,78,207,7320
Lineups,-203114-203468-1630551-1642259-1642848-,K. Middleton - C. McCollum - J. Champagnie - A. Sarr - T. Johnson,1610612764,WAS,2,0,2,0,2.433333,2,3,0.667,0,0,0,0,0,0,0,0,0,0,3,1,0,0,2,0,4,-4,23,47,174,47,94,78,106,28,86,148,86,89,97,89,88,142,149,126,189,22,65,1,150,117,102,170,7300
Lineups,-1628963-1630557-1642267-1642273-1642848-,M. Bagley III - C. Kispert - B. Carrington - K. George - T. Johnson,1610612764,WAS,2,0,2,0,2.433333,1,5,0.2,0,2,0,2,2,1,1,3,4,1,1,0,0,0,2,1,4,0,23,47,174,47,94,109,76,136,86,70,86,34,40,1,39,40,40,71,104,68,65,1,150,58,102,62,7300
Lineups,-203114-1628963-1641774-1642267-1642848-,K. Middleton - M. Bagley III - T. Vukcevic - B. Carrington - T. Johnson,1610612764,WAS,1,0,1,0,2.383333,0,3,0,0,1,0,0,0,0,0,3,3,0,3,1,0,1,1,0,0,-4,59,47,28,47,96,145,106,145,86,99,86,89,97,89,88,40,61,126,189,22,65,163,81,117,155,170,7150
Lineups,-203114-203468-1642259-1642267-1642860-,K. Middleton - C. McCollum - A. Sarr - B. Carrington - W. Riley,1610612764,WAS,1,0,1,0,2.35,1,6,0.167,0,3,0,1,1,1,0,3,3,1,0,0,2,0,0,0,3,3,59,47,28,47,97,109,60,143,86,48,86,64,81,1,88,40,61,71,1,68,10,1,1,117,116,22,7050
Lineups,-203468-1630551-1642259-1642267-1642848-,C. McCollum - J. Champagnie - A. Sarr - B. Carrington - T. Johnson,1610612764,WAS,1,0,1,0,2.333333,2,4,0.5,1,1,1,0,0,0,1,1,2,1,2,0,1,0,1,0,5,-5,59,47,28,47,98,78,90,64,42,99,1,89,97,89,39,97,87,71,161,68,19,1,81,117,90,184,7000
Lineups,-1630551-1630557-1641731-1642259-1642267-,J. Champagnie - C. Kispert - B. Coulibaly - A. Sarr - B. Carrington,1610612764,WAS,1,0,1,0,2.333333,3,3,1,1,1,1,2,2,1,0,0,0,3,0,1,0,0,3,1,9,1,59,47,28,47,98,56,106,1,42,99,1,34,40,1,88,142,149,30,1,22,65,1,177,58,55,46,7000
Lineups,-203114-1630557-1642259-1642267-1642848-,K. Middleton - C. Kispert - A. Sarr - B. Carrington - T. Johnson,1610612764,WAS,2,0,2,0,2.316667,3,6,0.5,0,1,0,0,0,0,1,2,3,3,0,1,1,0,1,1,6,1,23,47,174,47,100,56,60,64,86,99,86,89,97,89,39,65,61,30,1,22,19,1,81,58,78,46,6950
Lineups,-203114-203468-1630557-1642273-1642848-,K. Middleton - C. McCollum - C. Kispert - K. George - T. Johnson,1610612764,WAS,1,0,1,0,2.25,2,4,0.5,1,1,1,0,0,0,0,0,0,2,2,1,0,1,1,0,5,-4,59,47,28,47,101,78,90,64,42,99,1,89,97,89,88,142,149,48,161,22,65,163,81,117,90,170,6750
Lineups,-203114-203468-1628963-1630557-1641731-,K. Middleton - C. McCollum - M. Bagley III - C. Kispert - B. Coulibaly,1610612764,WAS,1,0,1,0,2.233333,3,4,0.75,2,3,0.667,0,0,0,0,3,3,1,1,0,1,0,0,0,8,3,59,47,28,47,102,56,90,22,25,48,19,89,97,89,88,40,61,71,104,68,19,1,1,117,63,22,6700
Lineups,-203114-203468-1631103-1641731-1642259-,K. Middleton - C. McCollum - M. Branham - B. Coulibaly - A. Sarr,1610612764,WAS,1,1,0,1,2.183333,1,2,0.5,1,2,0.5,2,3,0.667,0,1,1,1,1,0,0,0,3,2,5,-4,59,2,1,1,103,109,132,64,42,70,27,34,33,62,88,97,113,71,104,68,65,1,177,34,90,170,6550
Lineups,-1628963-1641715-1642267-1642273-1642848-,M. Bagley III - C. Whitmore - B. Carrington - K. George - T. Johnson,1610612764,WAS,2,0,2,0,2.181667,3,6,0.5,1,2,0.5,0,0,0,0,1,1,1,0,0,1,0,0,0,7,0,23,47,174,47,104,56,60,64,42,70,27,89,97,89,88,97,113,71,1,68,19,1,1,117,71,62,6545
Lineups,-203468-1628963-1630557-1642273-1642848-,C. McCollum - M. Bagley III - C. Kispert - K. George - T. Johnson,1610612764,WAS,1,0,1,0,2.05,2,4,0.5,1,2,0.5,0,1,0,0,1,1,1,1,0,1,0,3,1,5,0,59,47,28,47,105,78,90,64,42,70,27,89,81,89,88,97,113,71,104,68,19,1,177,58,90,62,6150
Lineups,-203468-1628963-1630551-1630557-1641731-,C. McCollum - M. Bagley III - J. Champagnie - C. Kispert - B. Coulibaly,1610612764,WAS,1,0,1,0,2.033333,3,5,0.6,1,3,0.333,2,2,1,0,0,0,2,0,0,0,0,4,2,9,-1,59,47,28,47,106,56,76,43,42,48,60,34,40,1,88,142,149,48,1,68,65,1,195,34,55,107,6100
Lineups,-1630264-1630536-1642358-1642848-1642860-,A. Gill - S. Cooper - A. Johnson - T. Johnson - W. Riley,1610612764,WAS,1,0,1,0,1.966667,0,2,0,0,0,0,2,2,1,0,1,1,0,1,0,0,0,1,1,2,-4,59,47,28,47,107,145,132,145,86,148,86,34,40,1,88,97,113,126,104,68,65,1,81,58,135,170,5900
Lineups,-1630264-1641774-1642358-1642364-1642860-,A. Gill - T. Vukcevic - A. Johnson - J. Watkins - W. Riley,1610612764,WAS,1,0,1,0,1.883333,1,3,0.333,1,1,1,0,0,0,0,1,1,1,3,0,0,1,2,1,3,-5,59,47,28,47,108,109,106,115,42,99,1,89,97,89,88,97,113,71,189,68,65,163,150,58,116,184,5650
Lineups,-203114-1630557-1641731-1642259-1642267-,K. Middleton - C. Kispert - B. Coulibaly - A. Sarr - B. Carrington,1610612764,WAS,1,1,0,1,1.866667,2,3,0.667,0,1,0,1,2,0.5,0,1,1,1,0,1,0,0,2,1,5,-1,59,2,1,1,109,78,106,28,86,99,86,64,40,73,88,97,113,71,1,22,65,1,150,58,90,107,5600
Lineups,-203114-1641715-1642259-1642273-1642848-,K. Middleton - C. Whitmore - A. Sarr - K. George - T. Johnson,1610612764,WAS,1,0,1,0,1.866667,2,3,0.667,1,2,0.5,0,1,0,0,1,1,1,0,0,0,0,2,0,5,2,59,47,28,47,109,78,106,28,42,70,27,89,81,89,88,97,113,71,1,68,65,1,150,117,90,34,5600
Lineups,-203114-203468-1628963-1630557-1642267-,K. Middleton - C. McCollum - M. Bagley III - C. Kispert - B. Carrington,1610612764,WAS,1,1,0,1,1.85,2,4,0.5,0,0,0,3,4,0.75,0,1,1,1,1,0,0,0,3,2,7,0,59,2,1,1,111,78,90,64,86,148,86,24,26,53,88,97,113,71,104,68,65,1,177,34,71,62,5550
Lineups,-1628963-1630551-1642267-1642273-1642848-,M. Bagley III - J. Champagnie - B. Carrington - K. George - T. Johnson,1610612764,WAS,1,0,1,0,1.816667,0,3,0,0,2,0,0,0,0,0,0,0,0,0,0,0,0,0,0,0,-10,59,47,28,47,112,145,106,145,86,70,86,89,97,89,88,142,149,126,1,68,65,1,1,117,155,210,5450
Lineups,-203114-203468-1641715-1641774-1642273-,K. Middleton - C. McCollum - C. Whitmore - T. Vukcevic - K. George,1610612764,WAS,1,0,1,0,1.805,2,3,0.667,0,0,0,2,2,1,0,0,0,1,0,0,0,0,0,2,6,-1,59,47,28,47,113,78,106,28,86,148,86,34,40,1,88,142,149,71,1,68,65,1,1,34,78,107,5415
Lineups,-203468-1630551-1631103-1642259-1642267-,C. McCollum - J. Champagnie - M. Branham - A. Sarr - B. Carrington,1610612764,WAS,1,1,0,1,1.766667,1,3,0.333,0,1,0,1,2,0.5,0,0,0,1,0,0,0,1,0,1,3,-4,59,2,1,1,114,109,106,115,86,99,86,64,40,73,88,142,149,71,1,68,65,163,1,58,116,170,5300
Lineups,-1630551-1641731-1642267-1642273-1642848-,J. Champagnie - B. Coulibaly - B. Carrington - K. George - T. Johnson,1610612764,WAS,1,0,1,0,1.75,2,3,0.667,1,1,1,0,0,0,0,0,0,1,0,1,0,1,3,0,5,0,59,47,28,47,115,78,106,28,42,99,1,89,97,89,88,142,149,71,1,22,65,163,177,117,90,62,5250
Lineups,-203114-203468-1641715-1641774-1642267-,K. Middleton - C. McCollum - C. Whitmore - T. Vukcevic - B. Carrington,1610612764,WAS,1,1,0,1,1.75,3,4,0.75,0,0,0,0,0,0,0,0,0,1,0,1,0,0,1,0,6,1,59,2,1,1,115,56,90,22,86,148,86,89,97,89,88,142,149,71,1,22,65,1,81,117,78,46,5250
Lineups,-1630557-1631103-1641715-1642259-1642267-,C. Kispert - M. Branham - C. Whitmore - A. Sarr - B. Carrington,1610612764,WAS,1,0,1,0,1.733333,2,3,0.667,0,1,0,0,0,0,0,1,1,1,0,0,0,0,0,0,4,0,59,47,28,47,117,78,106,28,86,99,86,89,97,89,88,97,113,71,1,68,65,1,1,117,102,62,5200
Lineups,-1630264-1630536-1641774-1642358-1642860-,A. Gill - S. Cooper - T. Vukcevic - A. Johnson - W. Riley,1610612764,WAS,1,0,1,0,1.7,2,2,1,0,0,0,0,0,0,0,1,1,1,1,0,0,0,1,0,4,2,59,47,28,47,118,78,132,1,86,148,86,89,97,89,88,97,113,71,104,68,65,1,81,117,102,34,5100
Lineups,-1630557-1641715-1641731-1641774-1642267-,C. Kispert - C. Whitmore - B. Coulibaly - T. Vukcevic - B. Carrington,1610612764,WAS,1,1,0,1,1.683333,2,3,0.667,2,3,0.667,2,2,1,0,2,2,2,1,1,0,0,1,2,8,3,59,2,1,1,119,78,106,28,25,48,19,34,40,1,88,65,87,48,104,22,65,1,81,34,63,22,5050
Lineups,-203468-1628963-1641715-1642267-1642848-,C. McCollum - M. Bagley III - C. Whitmore - B. Carrington - T. Johnson,1610612764,WAS,2,0,2,0,1.683333,2,3,0.667,0,0,0,1,1,1,1,1,2,1,3,0,0,1,1,1,5,0,23,47,174,47,119,78,106,28,86,148,86,64,81,1,39,97,87,71,189,68,65,163,81,58,90,62,5050
Lineups,-203468-1630551-1630557-1642259-1642860-,C. McCollum - J. Champagnie - C. Kispert - A. Sarr - W. Riley,1610612764,WAS,1,0,1,0,1.666667,1,2,0.5,1,2,0.5,0,0,0,0,1,1,1,1,0,0,0,1,0,3,0,59,47,28,47,121,109,132,64,42,70,27,89,97,89,88,97,113,71,104,68,65,1,81,117,116,62,5000
Lineups,-203114-203468-1628963-1641715-1642267-,K. Middleton - C. McCollum - M. Bagley III - C. Whitmore - B. Carrington,1610612764,WAS,1,0,1,0,1.666667,1,4,0.25,0,1,0,1,2,0.5,1,2,3,0,0,0,0,0,0,1,3,-1,59,47,28,47,121,109,90,128,86,99,86,64,40,73,39,65,61,126,1,68,65,1,1,58,116,107,5000
Lineups,-203114-1642259-1642267-1642273-1642848-,K. Middleton - A. Sarr - B. Carrington - K. George - T. Johnson,1610612764,WAS,2,0,2,0,1.633333,0,3,0,0,0,0,0,0,0,1,0,1,0,1,0,0,0,1,0,0,-11,23,47,174,47,123,145,106,145,86,148,86,89,97,89,39,142,113,126,104,68,65,1,81,117,155,213,4900
Lineups,-203468-1630551-1630557-1641731-1641774-,C. McCollum - J. Champagnie - C. Kispert - B. Coulibaly - T. Vukcevic,1610612764,WAS,1,0,1,0,1.6,1,4,0.25,0,1,0,0,0,0,1,3,4,1,0,0,0,1,0,0,2,0,59,47,28,47,124,109,90,128,86,99,86,89,97,89,39,40,40,71,1,68,65,163,1,117,135,62,4800
Lineups,-203468-1630557-1642259-1642267-1642273-,C. McCollum - C. Kispert - A. Sarr - B. Carrington - K. George,1610612764,WAS,1,0,1,0,1.563333,0,3,0,0,1,0,0,0,0,1,1,2,0,2,0,0,0,1,0,0,-3,59,47,28,47,125,145,106,145,86,99,86,89,97,89,39,97,87,126,161,68,65,1,81,117,155,150,4690
Lineups,-203114-203468-1630551-1631103-1642259-,K. Middleton - C. McCollum - J. Champagnie - M. Branham - A. Sarr,1610612764,WAS,1,1,0,1,1.483333,3,3,1,0,0,0,0,2,0,0,1,1,2,0,1,0,0,0,1,6,1,59,2,1,1,126,56,106,1,86,148,86,89,40,89,88,97,113,48,1,22,65,1,1,58,78,46,4450
Lineups,-203468-1630551-1641731-1642259-1642267-,C. McCollum - J. Champagnie - B. Coulibaly - A. Sarr - B. Carrington,1610612764,WAS,1,1,0,1,1.466667,0,2,0,0,1,0,0,0,0,0,0,0,0,1,0,0,0,1,0,0,-3,59,2,1,1,127,145,132,145,86,99,86,89,97,89,88,142,149,126,104,68,65,1,81,117,155,150,4400
Lineups,-203468-1630551-1641715-1642259-1642267-,C. McCollum - J. Champagnie - C. Whitmore - A. Sarr - B. Carrington,1610612764,WAS,2,1,1,0.5,1.466667,0,3,0,0,1,0,2,2,1,1,2,3,0,0,0,1,0,1,1,2,1,23,2,28,28,127,145,106,145,86,99,86,34,40,1,39,65,61,126,1,68,19,1,81,58,135,46,4400
Lineups,-203468-1628963-1641731-1642267-1642273-,C. McCollum - M. Bagley III - B. Coulibaly - B. Carrington - K. George,1610612764,WAS,1,0,1,0,1.466667,0,2,0,0,0,0,0,0,0,0,2,2,0,0,0,1,0,2,0,0,-2,59,47,28,47,127,145,132,145,86,148,86,89,97,89,88,65,87,126,1,68,19,1,150,117,155,125,4400
Lineups,-203468-1628963-1641715-1642267-1642273-,C. McCollum - M. Bagley III - C. Whitmore - B. Carrington - K. George,1610612764,WAS,2,0,2,0,1.466667,1,2,0.5,1,1,1,0,0,0,0,0,0,1,1,0,1,0,1,1,3,-5,23,47,174,47,127,109,132,64,42,99,1,89,97,89,88,142,149,71,104,68,19,1,81,58,116,184,4400
Lineups,-203468-1630557-1641731-1641774-1642273-,C. McCollum - C. Kispert - B. Coulibaly - T. Vukcevic - K. George,1610612764,WAS,1,0,1,0,1.45,0,2,0,0,1,0,0,0,0,1,0,1,0,2,0,0,0,1,0,0,-4,59,47,28,47,131,145,132,145,86,99,86,89,97,89,39,142,113,126,161,68,65,1,81,117,155,170,4350
Lineups,-1630557-1641715-1641731-1642267-1642848-,C. Kispert - C. Whitmore - B. Coulibaly - B. Carrington - T. Johnson,1610612764,WAS,1,0,1,0,1.416667,2,2,1,0,0,0,0,0,0,0,0,0,1,2,0,0,0,2,1,4,-3,59,47,28,47,132,78,132,1,86,148,86,89,97,89,88,142,149,71,161,68,65,1,150,58,102,150,4250
Lineups,-203114-1630551-1641731-1642259-1642267-,K. Middleton - J. Champagnie - B. Coulibaly - A. Sarr - B. Carrington,1610612764,WAS,1,1,0,1,1.366667,2,2,1,0,0,0,0,0,0,0,2,2,2,1,1,0,0,1,0,4,4,59,2,1,1,133,78,132,1,86,148,86,89,97,89,88,65,87,48,104,22,65,1,81,117,102,14,4100
Lineups,-1630551-1641715-1641731-1642259-1642267-,J. Champagnie - C. Whitmore - B. Coulibaly - A. Sarr - B. Carrington,1610612764,WAS,1,1,0,1,1.3,1,1,1,0,0,0,2,4,0.5,0,1,1,0,0,1,1,0,0,2,4,1,59,2,1,1,134,109,155,1,86,148,86,34,26,73,88,97,113,126,1,22,19,1,1,34,102,46,3900
Lineups,-203114-1630557-1641715-1642267-1642273-,K. Middleton - C. Kispert - C. Whitmore - B. Carrington - K. George,1610612764,WAS,1,0,1,0,1.266667,0,2,0,0,1,0,0,0,0,0,1,1,0,1,1,0,1,0,2,0,-2,59,47,28,47,135,145,132,145,86,99,86,89,97,89,88,97,113,126,104,22,65,163,1,34,155,125,3800
Lineups,-203468-1628963-1630557-1641731-1642267-,C. McCollum - M. Bagley III - C. Kispert - B. Coulibaly - B. Carrington,1610612764,WAS,1,0,1,0,1.25,0,2,0,0,2,0,0,0,0,0,1,1,0,0,0,0,0,0,0,0,-5,59,47,28,47,136,145,132,145,86,70,86,89,97,89,88,97,113,126,1,68,65,1,1,117,155,184,3750
Lineups,-203114-203468-1641774-1642267-1642860-,K. Middleton - C. McCollum - T. Vukcevic - B. Carrington - W. Riley,1610612764,WAS,1,1,0,1,1.233333,0,3,0,0,1,0,0,0,0,0,2,2,0,0,0,0,0,1,0,0,-2,59,2,1,1,137,145,106,145,86,99,86,89,97,89,88,65,87,126,1,68,65,1,81,117,155,125,3700
Lineups,-203114-1630557-1642259-1642273-1642848-,K. Middleton - C. Kispert - A. Sarr - K. George - T. Johnson,1610612764,WAS,1,0,1,0,1.216667,0,2,0,0,2,0,0,0,0,0,2,2,0,1,0,0,0,0,0,0,-3,59,47,28,47,138,145,132,145,86,70,86,89,97,89,88,65,87,126,104,68,65,1,1,117,155,150,3650
Lineups,-1641731-1642259-1642273-1642848-1642860-,B. Coulibaly - A. Sarr - K. George - T. Johnson - W. Riley,1610612764,WAS,1,0,1,0,1.2,1,2,0.5,1,1,1,0,0,0,0,1,1,1,0,0,0,0,1,0,3,-1,59,47,28,47,139,109,132,64,42,99,1,89,97,89,88,97,113,71,1,68,65,1,81,117,116,107,3600
Lineups,-1641731-1641774-1642267-1642273-1642848-,B. Coulibaly - T. Vukcevic - B. Carrington - K. George - T. Johnson,1610612764,WAS,1,0,1,0,1.2,0,1,0,0,1,0,0,0,0,0,1,1,0,1,0,1,0,2,0,0,-1,59,47,28,47,139,145,155,145,86,99,86,89,97,89,88,97,113,126,104,68,19,1,150,117,155,107,3600
Lineups,-203114-1641715-1641774-1642267-1642848-,K. Middleton - C. Whitmore - T. Vukcevic - B. Carrington - T. Johnson,1610612764,WAS,1,0,1,0,1.2,0,3,0,0,1,0,0,0,0,0,2,2,0,0,0,1,2,0,0,0,-5,59,47,28,47,139,145,106,145,86,99,86,89,97,89,88,65,87,126,1,68,19,199,1,117,155,184,3600
Lineups,-1630557-1641715-1641731-1642273-1642848-,C. Kispert - C. Whitmore - B. Coulibaly - K. George - T. Johnson,1610612764,WAS,1,0,1,0,1.183333,0,1,0,0,1,0,2,2,1,0,0,0,0,0,0,1,0,1,1,2,0,59,47,28,47,142,145,155,145,86,99,86,34,40,1,88,142,149,126,1,68,19,1,81,58,135,62,3550
Lineups,-1628963-1630557-1641731-1642267-1642273-,M. Bagley III - C. Kispert - B. Coulibaly - B. Carrington - K. George,1610612764,WAS,2,0,2,0,1.166667,0,1,0,0,1,0,0,0,0,1,1,2,0,3,1,0,0,1,1,0,0,23,47,174,47,143,145,155,145,86,99,86,89,97,89,39,97,87,126,189,22,65,1,81,58,155,62,3500
Lineups,-203468-1630551-1630557-1642259-1642364-,C. McCollum - J. Champagnie - C. Kispert - A. Sarr - J. Watkins,1610612764,WAS,1,0,1,0,1.15,1,1,1,0,0,0,2,2,1,0,1,1,1,0,0,0,0,1,1,4,4,59,47,28,47,144,109,155,1,86,148,86,34,40,1,88,97,113,71,1,68,65,1,81,58,102,14,3450
Lineups,-203468-1630551-1641715-1641731-1641774-,C. McCollum - J. Champagnie - C. Whitmore - B. Coulibaly - T. Vukcevic,1610612764,WAS,1,1,0,1,1.15,1,2,0.5,0,1,0,0,0,0,0,0,0,1,1,1,0,0,3,0,2,0,59,2,1,1,144,109,132,64,86,99,86,89,97,89,88,142,149,71,104,22,65,1,177,117,135,62,3450
Lineups,-1628963-1641715-1641731-1642267-1642273-,M. Bagley III - C. Whitmore - B. Coulibaly - B. Carrington - K. George,1610612764,WAS,1,0,1,0,1.15,2,2,1,2,2,1,0,0,0,0,0,0,2,0,0,0,0,0,0,6,1,59,47,28,47,144,78,132,1,25,70,1,89,97,89,88,142,149,48,1,68,65,1,1,117,78,46,3450
Lineups,-1630551-1641774-1642267-1642358-1642860-,J. Champagnie - T. Vukcevic - B. Carrington - A. Johnson - W. Riley,1610612764,WAS,1,0,1,0,1.083333,1,2,0.5,0,0,0,0,0,0,0,1,1,1,0,0,0,1,1,0,2,0,59,47,28,47,147,109,132,64,86,148,86,89,97,89,88,97,113,71,1,68,65,163,81,117,135,62,3250
Lineups,-1630557-1641715-1641731-1642259-1642267-,C. Kispert - C. Whitmore - B. Coulibaly - A. Sarr - B. Carrington,1610612764,WAS,1,1,0,1,1.05,1,1,1,1,1,1,2,2,1,0,0,0,1,0,1,0,0,0,1,5,2,59,2,1,1,148,109,155,1,42,99,1,34,40,1,88,142,149,71,1,22,65,1,1,58,90,34,3150
Lineups,-203114-203468-1628963-1641731-1642848-,K. Middleton - C. McCollum - M. Bagley III - B. Coulibaly - T. Johnson,1610612764,WAS,1,0,1,0,1.033333,1,3,0.333,0,0,0,0,0,0,1,0,1,0,0,0,0,0,0,0,2,-1,59,47,28,47,149,109,106,115,86,148,86,89,97,89,39,142,113,126,1,68,65,1,1,117,135,107,3100
Lineups,-203468-1630557-1641715-1641731-1641774-,C. McCollum - C. Kispert - C. Whitmore - B. Coulibaly - T. Vukcevic,1610612764,WAS,1,1,0,1,1.016667,0,1,0,0,1,0,0,0,0,0,0,0,0,0,0,0,0,0,1,0,-5,59,2,1,1,150,145,155,145,86,99,86,89,97,89,88,142,149,126,1,68,65,1,1,58,155,184,3050
Lineups,-1630551-1630557-1642259-1642267-1642364-,J. Champagnie - C. Kispert - A. Sarr - B. Carrington - J. Watkins,1610612764,WAS,1,0,1,0,0.983333,0,2,0,0,1,0,0,0,0,1,0,1,0,0,0,0,0,0,0,0,-6,59,47,28,47,151,145,132,145,86,99,86,89,97,89,39,142,113,126,1,68,65,1,1,117,155,200,2950
Lineups,-203468-1628963-1641731-1641774-1642267-,C. McCollum - M. Bagley III - B. Coulibaly - T. Vukcevic - B. Carrington,1610612764,WAS,1,1,0,1,0.966667,1,2,0.5,1,2,0.5,0,0,0,0,0,0,1,0,0,0,0,0,0,3,0,59,2,1,1,152,109,132,64,42,70,27,89,97,89,88,142,149,71,1,68,65,1,1,117,116,62,2900
Lineups,-1630551-1630557-1641731-1641774-1642267-,J. Champagnie - C. Kispert - B. Coulibaly - T. Vukcevic - B. Carrington,1610612764,WAS,1,0,1,0,0.966667,2,3,0.667,1,2,0.5,0,0,0,1,1,2,1,0,1,0,0,1,0,5,3,59,47,28,47,152,78,106,28,42,70,27,89,97,89,39,97,87,71,1,22,65,1,81,117,90,22,2900
Lineups,-203114-203468-1642259-1642848-1642860-,K. Middleton - C. McCollum - A. Sarr - T. Johnson - W. Riley,1610612764,WAS,1,1,0,1,0.95,0,0,0,0,0,0,3,4,0.75,0,0,0,0,0,1,0,0,2,2,3,1,59,2,1,1,154,145,185,145,86,148,86,24,26,53,88,142,149,126,1,22,65,1,150,34,116,46,2850
Lineups,-1631103-1641731-1642259-1642267-1642860-,M. Branham - B. Coulibaly - A. Sarr - B. Carrington - W. Riley,1610612764,WAS,1,0,1,0,0.95,0,2,0,0,0,0,0,0,0,1,1,2,0,0,0,0,0,0,0,0,-2,59,47,28,47,154,145,132,145,86,148,86,89,97,89,39,97,87,126,1,68,65,1,1,117,155,125,2850
Lineups,-1630551-1641715-1642259-1642267-1642273-,J. Champagnie - C. Whitmore - A. Sarr - B. Carrington - K. George,1610612764,WAS,2,0,2,0,0.926667,1,1,1,0,0,0,2,2,1,0,1,1,1,1,0,0,0,1,1,4,2,23,47,174,47,156,109,155,1,86,148,86,34,40,1,88,97,113,71,104,68,65,1,81,58,102,34,2780
Lineups,-203468-1628963-1641774-1642267-1642848-,C. McCollum - M. Bagley III - T. Vukcevic - B. Carrington - T. Johnson,1610612764,WAS,1,0,1,0,0.925,1,3,0.333,0,0,0,0,0,0,1,1,2,1,0,0,1,0,0,0,2,2,59,47,28,47,157,109,106,115,86,148,86,89,97,89,39,97,87,71,1,68,19,1,1,117,135,34,2775
Lineups,-1641715-1641731-1642267-1642273-1642848-,C. Whitmore - B. Coulibaly - B. Carrington - K. George - T. Johnson,1610612764,WAS,1,0,1,0,0.916667,0,1,0,0,1,0,0,0,0,0,0,0,0,0,0,0,0,0,0,0,-5,59,47,28,47,158,145,155,145,86,99,86,89,97,89,88,142,149,126,1,68,65,1,1,117,155,184,2750
Lineups,-1630557-1641731-1642267-1642273-1642848-,C. Kispert - B. Coulibaly - B. Carrington - K. George - T. Johnson,1610612764,WAS,1,0,1,0,0.898333,0,1,0,0,0,0,1,2,0.5,0,0,0,0,1,0,0,0,0,1,1,-2,59,47,28,47,159,145,155,145,86,148,86,64,40,73,88,142,149,126,104,68,65,1,1,58,151,125,2695
Lineups,-203468-1630551-1641731-1641774-1642267-,C. McCollum - J. Champagnie - B. Coulibaly - T. Vukcevic - B. Carrington,1610612764,WAS,1,1,0,1,0.883333,0,0,0,0,0,0,0,0,0,0,1,1,0,2,0,0,0,0,0,0,-4,59,2,1,1,160,145,185,145,86,148,86,89,97,89,88,97,113,126,161,68,65,1,1,117,155,170,2650
Lineups,-203114-1641715-1642259-1642267-1642273-,K. Middleton - C. Whitmore - A. Sarr - B. Carrington - K. George,1610612764,WAS,1,0,1,0,0.883333,0,1,0,0,1,0,0,0,0,0,0,0,0,1,1,0,0,1,0,0,-3,59,47,28,47,160,145,155,145,86,99,86,89,97,89,88,142,149,126,104,22,65,1,81,117,155,150,2650
Lineups,-203468-1630551-1642259-1642267-1642860-,C. McCollum - J. Champagnie - A. Sarr - B. Carrington - W. Riley,1610612764,WAS,1,0,1,0,0.866667,1,1,1,0,0,0,0,1,0,0,1,1,1,0,0,0,0,1,1,2,-1,59,47,28,47,162,109,155,1,86,148,86,89,81,89,88,97,113,71,1,68,65,1,81,58,135,107,2600
Lineups,-1630557-1641731-1642259-1642267-1642273-,C. Kispert - B. Coulibaly - A. Sarr - B. Carrington - K. George,1610612764,WAS,1,0,1,0,0.85,0,1,0,0,1,0,0,0,0,0,0,0,0,1,0,0,0,0,0,0,-2,59,47,28,47,163,145,155,145,86,99,86,89,97,89,88,142,149,126,104,68,65,1,1,117,155,125,2550
Lineups,-1630551-1641731-1642259-1642273-1642848-,J. Champagnie - B. Coulibaly - A. Sarr - K. George - T. Johnson,1610612764,WAS,1,0,1,0,0.85,1,1,1,0,0,0,0,0,0,0,0,0,0,0,0,0,0,1,0,2,0,59,47,28,47,163,109,155,1,86,148,86,89,97,89,88,142,149,126,1,68,65,1,81,117,135,62,2550
Lineups,-203114-1630557-1641731-1642267-1642273-,K. Middleton - C. Kispert - B. Coulibaly - B. Carrington - K. George,1610612764,WAS,1,0,1,0,0.85,0,1,0,0,1,0,0,0,0,0,0,0,0,0,0,0,0,0,0,0,-3,59,47,28,47,163,145,155,145,86,99,86,89,97,89,88,142,149,126,1,68,65,1,1,117,155,150,2550
Lineups,-1642259-1642267-1642273-1642358-1642860-,A. Sarr - B. Carrington - K. George - A. Johnson - W. Riley,1610612764,WAS,1,0,1,0,0.816667,0,0,0,0,0,0,0,0,0,0,0,0,0,1,0,0,0,1,0,0,-2,59,47,28,47,166,145,185,145,86,148,86,89,97,89,88,142,149,126,104,68,65,1,81,117,155,125,2450
Lineups,-203468-1630557-1641774-1642259-1642273-,C. McCollum - C. Kispert - T. Vukcevic - A. Sarr - K. George,1610612764,WAS,1,0,1,0,0.816667,1,1,1,0,0,0,0,0,0,0,1,1,1,0,0,0,0,0,1,2,-1,59,47,28,47,166,109,155,1,86,148,86,89,97,89,88,97,113,71,1,68,65,1,1,58,135,107,2450
Lineups,-1630557-1641715-1641731-1642259-1642273-,C. Kispert - C. Whitmore - B. Coulibaly - A. Sarr - K. George,1610612764,WAS,1,0,1,0,0.783333,0,0,0,0,0,0,0,0,0,0,1,1,0,1,0,0,0,1,0,0,-2,59,47,28,47,168,145,185,145,86,148,86,89,97,89,88,97,113,126,104,68,65,1,81,117,155,125,2350
Lineups,-203468-1628963-1630551-1642364-1642860-,C. McCollum - M. Bagley III - J. Champagnie - J. Watkins - W. Riley,1610612764,WAS,1,0,1,0,0.783333,0,3,0,0,1,0,0,0,0,2,1,3,0,0,0,1,2,1,0,0,0,59,47,28,47,168,145,106,145,86,99,86,89,97,89,19,97,61,126,1,68,19,199,81,117,155,62,2350
Lineups,-203468-1630551-1630557-1642259-1642848-,C. McCollum - J. Champagnie - C. Kispert - A. Sarr - T. Johnson,1610612764,WAS,1,0,1,0,0.766667,0,1,0,0,0,0,0,0,0,0,0,0,0,0,0,0,0,0,0,0,-5,59,47,28,47,170,145,155,145,86,148,86,89,97,89,88,142,149,126,1,68,65,1,1,117,155,184,2300
Lineups,-1628963-1630557-1641715-1641731-1642273-,M. Bagley III - C. Kispert - C. Whitmore - B. Coulibaly - K. George,1610612764,WAS,1,0,1,0,0.766667,1,3,0.333,0,0,0,1,1,1,1,1,2,0,0,0,0,1,0,1,3,3,59,47,28,47,170,109,106,115,86,148,86,64,81,1,39,97,87,126,1,68,65,163,1,58,116,22,2300
Lineups,-203114-203468-1641731-1642273-1642848-,K. Middleton - C. McCollum - B. Coulibaly - K. George - T. Johnson,1610612764,WAS,1,0,1,0,0.726667,0,1,0,0,1,0,3,3,1,0,0,0,0,0,0,0,0,1,1,3,1,59,47,28,47,172,145,155,145,86,99,86,24,33,1,88,142,149,126,1,68,65,1,81,58,116,46,2180
Lineups,-203114-1628963-1630557-1642267-1642273-,K. Middleton - M. Bagley III - C. Kispert - B. Carrington - K. George,1610612764,WAS,1,0,1,0,0.716667,0,0,0,0,0,0,0,0,0,0,1,1,0,2,0,0,0,0,0,0,-2,59,47,28,47,173,145,185,145,86,148,86,89,97,89,88,97,113,126,161,68,65,1,1,117,155,125,2150
Lineups,-203468-1630551-1641774-1642267-1642273-,C. McCollum - J. Champagnie - T. Vukcevic - B. Carrington - K. George,1610612764,WAS,1,0,1,0,0.666667,0,1,0,0,0,0,0,0,0,0,0,0,0,0,0,0,1,1,0,0,-3,59,47,28,47,174,145,155,145,86,148,86,89,97,89,88,142,149,126,1,68,65,163,81,117,155,150,2000
Lineups,-203468-1628963-1642364-1642848-1642860-,C. McCollum - M. Bagley III - J. Watkins - T. Johnson - W. Riley,1610612764,WAS,1,0,1,0,0.666667,0,0,0,0,0,0,0,0,0,0,0,0,0,0,0,0,0,1,1,0,-3,59,47,28,47,174,145,185,145,86,148,86,89,97,89,88,142,149,126,1,68,65,1,81,58,155,150,2000
Lineups,-203468-1628963-1630551-1642267-1642273-,C. McCollum - M. Bagley III - J. Champagnie - B. Carrington - K. George,1610612764,WAS,1,0,1,0,0.65,0,1,0,0,1,0,0,0,0,0,0,0,0,1,0,0,0,1,0,0,-3,59,47,28,47,176,145,155,145,86,99,86,89,97,89,88,142,149,126,104,68,65,1,81,117,155,150,1950
Lineups,-203114-203468-1628963-1641715-1641731-,K. Middleton - C. McCollum - M. Bagley III - C. Whitmore - B. Coulibaly,1610612764,WAS,1,1,0,1,0.65,1,2,0.5,1,2,0.5,0,0,0,1,1,2,0,0,0,0,0,1,0,3,0,59,2,1,1,176,109,132,64,42,70,27,89,97,89,39,97,87,126,1,68,65,1,81,117,116,62,1950
Lineups,-203468-1641731-1641774-1642273-1642848-,C. McCollum - B. Coulibaly - T. Vukcevic - K. George - T. Johnson,1610612764,WAS,1,0,1,0,0.633333,0,1,0,0,1,0,0,0,0,0,1,1,0,0,0,0,0,0,0,0,0,59,47,28,47,178,145,155,145,86,99,86,89,97,89,88,97,113,126,1,68,65,1,1,117,155,62,1900
Lineups,-1630557-1641715-1641731-1641774-1642273-,C. Kispert - C. Whitmore - B. Coulibaly - T. Vukcevic - K. George,1610612764,WAS,1,0,1,0,0.6,1,3,0.333,0,0,0,1,1,1,2,1,3,1,0,0,0,0,0,1,3,3,59,47,28,47,179,109,106,115,86,148,86,64,81,1,19,97,61,71,1,68,65,1,1,58,116,22,1800
Lineups,-203468-1641715-1641731-1642273-1642848-,C. McCollum - C. Whitmore - B. Coulibaly - K. George - T. Johnson,1610612764,WAS,1,0,1,0,0.533333,0,0,0,0,0,0,1,2,0.5,0,0,0,0,0,0,0,0,0,1,1,-1,59,47,28,47,180,145,185,145,86,148,86,64,40,73,88,142,149,126,1,68,65,1,1,58,151,107,1600
Lineups,-203468-1630551-1630557-1641774-1642273-,C. McCollum - J. Champagnie - C. Kispert - T. Vukcevic - K. George,1610612764,WAS,1,0,1,0,0.533333,0,0,0,0,0,0,0,0,0,0,0,0,0,1,0,0,0,0,0,0,-2,59,47,28,47,180,145,185,145,86,148,86,89,97,89,88,142,149,126,104,68,65,1,1,117,155,125,1600
Lineups,-1642259-1642267-1642273-1642364-1642848-,A. Sarr - B. Carrington - K. George - J. Watkins - T. Johnson,1610612764,WAS,1,0,1,0,0.505,1,1,1,1,1,1,0,0,0,0,0,0,1,0,1,0,0,0,0,3,3,59,47,28,47,182,109,155,1,42,99,1,89,97,89,88,142,149,71,1,22,65,1,1,117,116,22,1515
Lineups,-1628963-1630551-1641715-1641731-1642267-,M. Bagley III - J. Champagnie - C. Whitmore - B. Coulibaly - B. Carrington,1610612764,WAS,1,0,1,0,0.495,0,2,0,0,0,0,0,0,0,1,0,1,0,0,0,0,0,0,0,0,-2,59,47,28,47,183,145,132,145,86,148,86,89,97,89,39,142,113,126,1,68,65,1,1,117,155,125,1485
Lineups,-1630551-1631103-1641715-1642259-1642267-,J. Champagnie - M. Branham - C. Whitmore - A. Sarr - B. Carrington,1610612764,WAS,1,0,1,0,0.453333,0,0,0,0,0,0,0,0,0,0,0,0,0,0,0,1,0,1,0,0,0,59,47,28,47,184,145,185,145,86,148,86,89,97,89,88,142,149,126,1,68,19,1,81,117,155,62,1360
Lineups,-1642259-1642267-1642273-1642848-1642860-,A. Sarr - B. Carrington - K. George - T. Johnson - W. Riley,1610612764,WAS,1,0,1,0,0.45,0,1,0,0,0,0,0,0,0,0,0,0,0,0,0,0,0,1,0,0,-2,59,47,28,47,185,145,155,145,86,148,86,89,97,89,88,142,149,126,1,68,65,1,81,117,155,125,1350
Lineups,-203468-1630557-1641715-1642259-1642848-,C. McCollum - C. Kispert - C. Whitmore - A. Sarr - T. Johnson,1610612764,WAS,2,0,2,0,0.45,0,0,0,0,0,0,1,2,0.5,0,0,0,0,0,0,0,0,0,1,1,-1,23,47,174,47,185,145,185,145,86,148,86,64,40,73,88,142,149,126,1,68,65,1,1,58,151,107,1350
Lineups,-1630551-1630557-1641731-1642267-1642273-,J. Champagnie - C. Kispert - B. Coulibaly - B. Carrington - K. George,1610612764,WAS,1,0,1,0,0.445,0,0,0,0,0,0,1,2,0.5,0,0,0,0,0,0,0,0,0,1,1,-1,59,47,28,47,187,145,185,145,86,148,86,64,40,73,88,142,149,126,1,68,65,1,1,58,151,107,1335
Lineups,-1628963-1630557-1642267-1642848-1642860-,M. Bagley III - C. Kispert - B. Carrington - T. Johnson - W. Riley,1610612764,WAS,1,0,1,0,0.418333,1,1,1,1,1,1,0,0,0,0,0,0,1,0,0,0,0,0,0,3,3,59,47,28,47,188,109,155,1,42,99,1,89,97,89,88,142,149,71,1,68,65,1,1,117,116,22,1255
Lineups,-1628963-1630551-1641715-1642267-1642848-,M. Bagley III - J. Champagnie - C. Whitmore - B. Carrington - T. Johnson,1610612764,WAS,1,0,1,0,0.401667,0,0,0,0,0,0,0,0,0,0,0,0,0,0,0,0,0,0,0,0,0,59,47,28,47,189,145,185,145,86,148,86,89,97,89,88,142,149,126,1,68,65,1,1,117,155,62,1205
Lineups,-1630536-1642259-1642358-1642848-1642860-,S. Cooper - A. Sarr - A. Johnson - T. Johnson - W. Riley,1610612764,WAS,1,0,1,0,0.383333,0,0,0,0,0,0,0,0,0,0,0,0,0,0,0,0,0,0,0,0,-3,59,47,28,47,190,145,185,145,86,148,86,89,97,89,88,142,149,126,1,68,65,1,1,117,155,150,1150
Lineups,-203468-1628963-1630557-1642267-1642273-,C. McCollum - M. Bagley III - C. Kispert - B. Carrington - K. George,1610612764,WAS,1,0,1,0,0.366667,0,1,0,0,1,0,0,0,0,0,0,0,0,0,0,0,0,0,0,0,0,59,47,28,47,191,145,155,145,86,99,86,89,97,89,88,142,149,126,1,68,65,1,1,117,155,62,1100
Lineups,-203468-1628963-1641731-1642273-1642848-,C. McCollum - M. Bagley III - B. Coulibaly - K. George - T. Johnson,1610612764,WAS,1,0,1,0,0.35,0,1,0,0,0,0,0,0,0,0,0,0,0,0,0,0,0,1,0,0,-1,59,47,28,47,192,145,155,145,86,148,86,89,97,89,88,142,149,126,1,68,65,1,81,117,155,107,1050
Lineups,-203114-1630551-1630557-1642267-1642848-,K. Middleton - J. Champagnie - C. Kispert - B. Carrington - T. Johnson,1610612764,WAS,1,0,1,0,0.333333,0,1,0,0,1,0,0,0,0,0,0,0,0,0,0,0,0,1,0,0,0,59,47,28,47,193,145,155,145,86,99,86,89,97,89,88,142,149,126,1,68,65,1,81,117,155,62,1000
Lineups,-203468-1630551-1631103-1641774-1642267-,C. McCollum - J. Champagnie - M. Branham - T. Vukcevic - B. Carrington,1610612764,WAS,1,1,0,1,0.323333,0,0,0,0,0,0,0,0,0,0,0,0,0,1,0,0,0,0,0,0,0,59,2,1,1,194,145,185,145,86,148,86,89,97,89,88,142,149,126,104,68,65,1,1,117,155,62,970
Lineups,-1628963-1642358-1642364-1642848-1642860-,M. Bagley III - A. Johnson - J. Watkins - T. Johnson - W. Riley,1610612764,WAS,1,0,1,0,0.316667,0,0,0,0,0,0,0,0,0,0,0,0,0,1,0,0,0,0,0,0,-3,59,47,28,47,195,145,185,145,86,148,86,89,97,89,88,142,149,126,104,68,65,1,1,117,155,150,950
Lineups,-203114-1641715-1641774-1642267-1642273-,K. Middleton - C. Whitmore - T. Vukcevic - B. Carrington - K. George,1610612764,WAS,1,0,1,0,0.295,0,0,0,0,0,0,0,0,0,0,0,0,0,0,0,0,0,0,0,0,0,59,47,28,47,196,145,185,145,86,148,86,89,97,89,88,142,149,126,1,68,65,1,1,117,155,62,885
Lineups,-203114-203468-1641774-1642259-1642273-,K. Middleton - C. McCollum - T. Vukcevic - A. Sarr - K. George,1610612764,WAS,1,0,1,0,0.283333,1,2,0.5,0,1,0,1,1,1,1,0,1,0,0,0,0,0,0,1,3,3,59,47,28,47,197,109,132,64,86,99,86,64,81,1,39,142,113,126,1,68,65,1,1,58,116,22,850
Lineups,-203114-203468-1642267-1642273-1642848-,K. Middleton - C. McCollum - B. Carrington - K. George - T. Johnson,1610612764,WAS,1,1,0,1,0.276667,0,0,0,0,0,0,0,0,0,0,0,0,0,0,0,0,0,0,0,0,0,59,2,1,1,198,145,185,145,86,148,86,89,97,89,88,142,149,126,1,68,65,1,1,117,155,62,830
Lineups,-203114-1630551-1642259-1642273-1642848-,K. Middleton - J. Champagnie - A. Sarr - K. George - T. Johnson,1610612764,WAS,1,0,1,0,0.25,0,0,0,0,0,0,0,0,0,0,0,0,0,0,0,0,0,1,0,0,-3,59,47,28,47,199,145,185,145,86,148,86,89,97,89,88,142,149,126,1,68,65,1,81,117,155,150,750
Lineups,-203468-1630557-1641774-1642267-1642848-,C. McCollum - C. Kispert - T. Vukcevic - B. Carrington - T. Johnson,1610612764,WAS,1,0,1,0,0.233333,0,0,0,0,0,0,0,0,0,0,0,0,0,0,0,0,0,0,0,0,-2,59,47,28,47,200,145,185,145,86,148,86,89,97,89,88,142,149,126,1,68,65,1,1,117,155,125,700
Lineups,-203468-1630551-1641731-1641774-1642273-,C. McCollum - J. Champagnie - B. Coulibaly - T. Vukcevic - K. George,1610612764,WAS,1,0,1,0,0.233333,0,0,0,0,0,0,0,0,0,0,0,0,0,0,0,0,0,1,0,0,0,59,47,28,47,200,145,185,145,86,148,86,89,97,89,88,142,149,126,1,68,65,1,81,117,155,62,700
Lineups,-203114-1630551-1642267-1642273-1642364-,K. Middleton - J. Champagnie - B. Carrington - K. George - J. Watkins,1610612764,WAS,1,0,1,0,0.231667,0,0,0,0,0,0,0,0,0,0,0,0,0,0,0,0,0,1,0,0,-4,59,47,28,47,202,145,185,145,86,148,86,89,97,89,88,142,149,126,1,68,65,1,81,117,155,170,695
Lineups,-203468-1630551-1641715-1642259-1642848-,C. McCollum - J. Champagnie - C. Whitmore - A. Sarr - T. Johnson,1610612764,WAS,1,0,1,0,0.216667,0,0,0,0,0,0,0,0,0,0,0,0,0,0,0,0,0,0,0,0,0,59,47,28,47,203,145,185,145,86,148,86,89,97,89,88,142,149,126,1,68,65,1,1,117,155,62,650
Lineups,-1641715-1641731-1642259-1642267-1642848-,C. Whitmore - B. Coulibaly - A. Sarr - B. Carrington - T. Johnson,1610612764,WAS,1,0,1,0,0.21,0,0,0,0,0,0,0,0,0,0,0,0,0,0,1,0,0,0,0,0,0,59,47,28,47,204,145,185,145,86,148,86,89,97,89,88,142,149,126,1,22,65,1,1,117,155,62,630
Lineups,-203468-1630557-1641715-1642267-1642273-,C. McCollum - C. Kispert - C. Whitmore - B. Carrington - K. George,1610612764,WAS,1,0,1,0,0.205,0,1,0,0,0,0,0,0,0,0,0,0,0,0,0,0,1,1,0,0,-2,59,47,28,47,205,145,155,145,86,148,86,89,97,89,88,142,149,126,1,68,65,163,81,117,155,125,615
Lineups,-1630551-1631103-1642259-1642267-1642364-,J. Champagnie - M. Branham - A. Sarr - B. Carrington - J. Watkins,1610612764,WAS,1,1,0,1,0.191667,0,0,0,0,0,0,0,0,0,0,0,0,0,0,0,0,0,0,0,0,0,59,2,1,1,206,145,185,145,86,148,86,89,97,89,88,142,149,126,1,68,65,1,1,117,155,62,575
Lineups,-203468-1630557-1641715-1642267-1642848-,C. McCollum - C. Kispert - C. Whitmore - B. Carrington - T. Johnson,1610612764,WAS,1,0,1,0,0.12,0,1,0,0,0,0,0,0,0,0,0,0,0,0,0,0,0,0,0,0,0,59,47,28,47,207,145,155,145,86,148,86,89,97,89,88,142,149,126,1,68,65,1,1,117,155,62,360
Lineups,-203114-1630551-1630557-1642259-1642273-,K. Middleton - J. Champagnie - C. Kispert - A. Sarr - K. George,1610612764,WAS,1,0,1,0,0.116667,0,0,0,0,0,0,0,2,0,0,0,0,0,0,1,0,0,0,1,0,0,59,47,28,47,208,145,185,145,86,148,86,89,40,89,88,142,149,126,1,22,65,1,1,58,155,62,350
Lineups,-203468-1630557-1642259-1642273-1642848-,C. McCollum - C. Kispert - A. Sarr - K. George - T. Johnson,1610612764,WAS,1,0,1,0,0.106667,1,1,1,0,0,0,0,0,0,0,0,0,0,0,0,0,0,0,0,2,2,59,47,28,47,209,109,155,1,86,148,86,89,97,89,88,142,149,126,1,68,65,1,1,117,135,34,320
Lineups,-1631103-1641774-1642273-1642358-1642860-,M. Branham - T. Vukcevic - K. George - A. Johnson - W. Riley,1610612764,WAS,1,0,1,0,0.066667,0,0,0,0,0,0,0,0,0,0,0,0,0,0,0,0,0,1,0,0,0,59,47,28,47,210,145,185,145,86,148,86,89,97,89,88,142,149,126,1,68,65,1,81,117,155,62,200
Lineups,-203468-1630551-1641715-1642267-1642848-,C. McCollum - J. Champagnie - C. Whitmore - B. Carrington - T. Johnson,1610612764,WAS,1,0,1,0,0.051667,0,0,0,0,0,0,0,0,0,0,0,0,0,0,0,0,0,2,0,0,-1,59,47,28,47,211,145,185,145,86,148,86,89,97,89,88,142,149,126,1,68,65,1,150,117,155,107,155
Lineups,-1630551-1630557-1641731-1642259-1642273-,J. Champagnie - C. Kispert - B. Coulibaly - A. Sarr - K. George,1610612764,WAS,1,0,1,0,0.048333,0,0,0,0,0,0,0,0,0,0,0,0,0,0,0,0,0,1,0,0,-2,59,47,28,47,212,145,185,145,86,148,86,89,97,89,88,142,149,126,1,68,65,1,81,117,155,125,145
Lineups,-1630551-1630557-1641731-1642267-1642364-,J. Champagnie - C. Kispert - B. Coulibaly - B. Carrington - J. Watkins,1610612764,WAS,1,0,1,0,0.04,0,0,0,0,0,0,0,0,0,0,0,0,0,0,0,0,0,0,0,0,0,59,47,28,47,213,145,185,145,86,148,86,89,97,89,88,142,149,126,1,68,65,1,1,117,155,62,120
Lineups,-203114-1630551-1642259-1642267-1642273-,K. Middleton - J. Champagnie - A. Sarr - B. Carrington - K. George,1610612764,WAS,1,0,1,0,0.031667,0,0,0,0,0,0,0,0,0,0,0,0,0,0,0,0,0,0,0,0,-3,59,47,28,47,214,145,185,145,86,148,86,89,97,89,88,142,149,126,1,68,65,1,1,117,155,150,95
Lineups,-1628963-1641715-1642259-1642267-1642273-,M. Bagley III - C. Whitmore - A. Sarr - B. Carrington - K. George,1610612764,WAS,1,0,1,0,0.016667,0,0,0,0,0,0,0,0,0,0,0,0,0,0,0,0,0,0,0,0,0,59,47,28,47,215,145,185,145,86,148,86,89,97,89,88,142,149,126,1,68,65,1,1,117,155,62,50
Lineups,-1628963-1630551-1641731-1642273-1642848-,M. Bagley III - J. Champagnie - B. Coulibaly - K. George - T. Johnson,1610612764,WAS,1,0,1,0,0.016667,0,0,0,0,0,0,0,0,0,0,0,0,0,0,0,0,0,0,0,0,0,59,47,28,47,215,145,185,145,86,148,86,89,97,89,88,142,149,126,1,68,65,1,1,117,155,62,50
Lineups,-203114-1630557-1642267-1642273-1642848-,K. Middleton - C. Kispert - B. Carrington - K. George - T. Johnson,1610612764,WAS,1,0,1,0,0.015,0,0,0,0,0,0,0,0,0,0,0,0,0,0,0,0,0,0,0,0,0,59,47,28,47,217,145,185,145,86,148,86,89,97,89,88,142,149,126,1,68,65,1,1,117,155,62,45
Lineups,-203114-1630551-1630557-1642259-1642364-,K. Middleton - J. Champagnie - C. Kispert - A. Sarr - J. Watkins,1610612764,WAS,1,1,0,1,0.01,0,0,0,0,0,0,0,0,0,0,0,0,0,0,0,0,0,0,0,0,0,59,2,1,1,218,145,185,145,86,148,86,89,97,89,88,142,149,126,1,68,65,1,1,117,155,62,30
Lineups,-1628963-1641731-1642259-1642273-1642848-,M. Bagley III - B. Coulibaly - A. Sarr - K. George - T. Johnson,1610612764,WAS,1,0,1,0,0.006667,0,0,0,0,0,0,0,0,0,0,0,0,0,0,0,0,0,0,0,0,0,59,47,28,47,219,145,185,145,86,148,86,89,97,89,88,142,149,126,1,68,65,1,1,117,155,62,20
Lineups,-1630551-1631103-1641774-1642364-1642860-,J. Champagnie - M. Branham - T. Vukcevic - J. Watkins - W. Riley,1610612764,WAS,1,0,1,0,0,0,0,0,0,0,0,0,0,0,0,0,0,0,0,0,0,0,0,0,0,0,59,47,28,47,220,145,185,145,86,148,86,89,97,89,88,142,149,126,1,68,65,1,1,117,155,62,0
Lineups,-203114-1641715-1641731-1642267-1642273-,K. Middleton - C. Whitmore - B. Coulibaly - B. Carrington - K. George,1610612764,WAS,1,0,1,0,0,0,0,0,0,0,0,0,0,0,0,0,0,0,0,0,0,0,0,0,0,0,59,47,28,47,220,145,185,145,86,148,86,89,97,89,88,142,149,126,1,68,65,1,1,117,155,62,0
